INSERT INTO user_model (email, first_name, last_name, password, user_role) VALUES
('tommy.johnson@gmail.com', 'Tommy', 'Johnson', '1111', 'USER'),
('vova_femiak@gmail.com', 'Volodymyr', 'Femiak', 'awesomepassword', 'USER');


INSERT INTO account_model (code, name, balance, url_to_image) VALUES
('pharma-group', 'Danish Pharmaceutical group', 13250000.0, 'https://upload.wikimedia.org/wikipedia/en/thumb/1/1b/Novo_Nordisk.svg/1200px-Novo_Nordisk.svg.png'),
('samsung-electronics', 'Samsung Corporation Electronics', 3250000.0 , 'https://upload.wikimedia.org/wikipedia/commons/thumb/4/4e/Samsung_Electronics_logo_%28english%29.svg/2000px-Samsung_Electronics_logo_%28english%29.svg.png'),
('netflix',	'Netflix Original',	2500000.0, 'https://images.immediate.co.uk/volatile/sites/3/2017/06/97418.jpg'),
('mwc-2019',	'Mobile World Congress',	2500000.0, 'data:image/jpeg;base64,/9j/4AAQSkZJRgABAQAAAQABAAD/2wCEAAkGBxAQEhUQEBIVFRUVGBUVFRUVFRUVFRUVFRUWGBUWGBUZHSggGBolHRUVITEhJSkrLi4uFx8zODMtNygtLisBCgoKDg0OGhAQGi0lHyUtLS0tLS0tLS0tLS0tLS0tLS8tLS0tLS0tLS0tLS0tLS0tLS0tLS0tLS0tLS0tLS0tLf/AABEIAKkBKQMBEQACEQEDEQH/xAAbAAEAAwEBAQEAAAAAAAAAAAAAAQIGBQMEB//EADsQAAIBAQQGCAQGAQQDAAAAAAABAhEDITFBBAUSUWFxBoGRobHB0fATIjJyM0JSguHxI2KSwtIUU7L/xAAbAQEBAQADAQEAAAAAAAAAAAAAAQIDBQYEB//EADcRAQABAwEEBwcDBAIDAAAAAAABAgMRBAUhMUESUWFxgZGhBhMyscHR4SI0QhRSwvBy8RUjU//aAAwDAQACEQMRAD8A/Jmdu0gCH7vG4Rd7eQ3CCiOrx7QF+7gBX3kREMCrAqyIowygggggggiBFQAIAEEAAQAAAAAAAAAAAAAAAAElHUPochQcQde/gr/Iu+RW/fvzG8Q+fvcBVoCLiCGEQ+QFWBRkZVYRBBBBDIIJIEEACCCAQCgQAAAgAAAAAAKAAAAAFEgdfZPofQq0RMFF6l3JhVobkwhrgVENPdn7xAqBD5kFGEQwKBlUyiGQVIAEGRAAgEEAABAIBQIAAAAAAABQAAABQAkDsnO+kZRFKP19BwRFHvy88AKtcdwTCrS99w3M4VlHgVFH6gVZEVYFJEZlUiKsggggAZEEACCAAIBAAAAAAAAAAAAAoAAAAokDtn0ZfUhoggIgCWuCWHu80KPnvIijXPL+QmFGuAZmFGGVGBRkZlVkRVkEEEEAgggEEAABAIAAAAAAABAAFAAUAAAAUSB3WjnfYqgg4gwjHF+9w4phCXD3uLCYRTw7QYRLnuwCPFxCKvqzDMw85IMqSIzKhEVZJEEEEAgggEEACAAIAAAQCgAAAAAAAUAAAAUSB3mj6H2jvq/bIKhEOIEMojq97wmEPqQR5tdfvAMvOS99YRSSDMw85EYebRGZVZBDIIJIhkAgEEACAAIAAAAAAAAAAAKAAAAAFEgd9HO+4aAh3hVUEQ0EwiV9+eYJhWS3UWPHIqKY73h/QZwowypL32hJeUkRxy85EZUZJRBBBAIIIBBAAAQCAAAAAAAAAAFAgFAAUAJAFGhpgsO7HM533qkBrsAh8QPo1ZZqVok0mqNtP3xRJdhsqzRe1MU1RmMTMx4feYfdrOxs4WbajFN0SaSWLv7kyQ7na2m09nTTVRRTEzMRE4jr+2Xyao0eM5ScoppK5Ojxf8Msut2Lprd67VNcRMRHPfvmfxL013ZQjGKjCKbksEk2kndXrQjMvp25YsWbVEW6IiZnlERuiPzD49TWcZWlJKLWy3Rqt915Z4Ou2PZou6ro3IiYxO6d/U7n/gWP/qh/tj6Gcy9X/wCN0n/yp8oZ7Xeg/DnWK+WWCWTzXp/BYl5LbOg/prvSoj9FXDsnnH1j8OXst3K9u5UzbYdN0ZmcRxazQdU2cIKM4RlLGTaTveSrkjL3mi2RYs2YpuURVVxmZjO/q7o/KutdCso2M2rOCai6NRSaIxtHQ6ajS3KqbdMTEdUOd0ZhZTU4ThGTTUk3FN0dz7Gu8YdV7P29Peprt3KImY3xmIzjh6fV1NN1XZSs5KNnBSo9lqKTqr1ehiHdavZenrsV00W4irE4xHPkxRl+fNN0b1fB2bnOEZbTu2kndG66vGvYWIy9fsHQWqrE3btETmd2Yzuj858n2a01ZZysp7FnFSSqnGKTuvpdvpQTEYfftHZtirTV+7oiKojMYiM7t/rwYww8C1XR7V1m7FSnCMnJtrainRK5Y8m+s1ERMb3stibPs1aWK7tETNUzO+OXBOv7GxsrFuNnBSk1FNRVVm32J9oqiIhrbVnTafSzNNumKpnEbo8fRztT6idqlaWlYweCWMuPBEinLq9l7EnURF29up5Rzn7R8/Vo7DQLGH02cVxpV9rvNxTD1dnQaazGKLceWZ853vS00azldKEXzimMQ5K9NZrjFVET4Q42s+j0WnKxul+itz5N4Pu5GZo6nQbQ9n6KqZr026f7eU93VPp3OdqTVMLfa25STg0nFJJ31zfJ5GaYy6vZOyrer6fvKpiaZxMRx857upobDVGjwws0+Mvm8bjk6MPUWdkaO1wtxPfv+e54630OyjY2jVnBNK5qMU1es6Eqjc4Np6PT0aS5VTbpiYjjFMdfcyOj2MrSShFVbdEYeGs2a71yLdEZmWu0DUVjZr5kpyzcr11Rw7TcUvcaPYensU5rjpVdvDwj7uj8GGGzGn2o1iHa+4tYx0Y8oc3WGo7K0XyJQlk0qLrj6GZp6nVa3Ymnv05txFNXZw8Y+zI29jKEnCSo06NGXh7tqu1XNuuMTCgcaSgAKNDd73+ZzPvKZO7nxIIA9tBj/kjz8iTwfbs6M6q3nrd5JGXuIopjhEJaCzTE8YQkgkU0xwhNE8Qs001TvhwNT/jPlLxNTweQ2N++nuq+bvmXsHhpujK1g4Szwe55MPl1mlp1NmbVXPhPVPKf95OPqPVrU3O0VNhuMV/qzfFLJ+hXnti7MqpvVXb0Y6M4jv5z3Ry/DvkerfHrj8C0+1iXwbU/Z3e5l9R6R8O2i8pfK+UsO+hJeL2PqPcauiZ4Tunx/OJbQr9DYfWuiuFvOCWMqxXCV6XfQxL842jpptauu1THPd474+eGz0WwVnCMF+VJer7TcP0DTWYsWqbUcow9Q52E1hojhbSskvzUiuEr4+KOOdz821ulm1q6rNMc93jw+bcWFkoRjBYRSXYqHJD9Es2otW6bccIiI8nF1lBW+kwsX9MFtT66On/yusxO+cOg19EazaFvTz8NMZq+f2jxd029Hhn9ba/cJOzskrrnJ335pLzMTV1PMbS29VauTasRG7jM9fZHZ1vk0XpJap/5EpRzoqS6qXEiqXxab2i1FNX/ALoiqPKfDk+3WnSGKWzYXtr6mro13J4ss1dT79obfopp6Om3zMceUeHX6R2uRqvWrsZynJOe0r76VlWtW7+PaZicOj2ftOrS3a7lUdLpRv3885znf2tFqXWUtI224qKjs0SrnWtX1G6Zy9VsnaVet6c1UxERjGO3PHy7Htrr8C0+3zRauDn2t+yud31hw+iVknaSl+mN3W/47zNPF532btxVfrrnlHzlpNKtdiEppV2YylTkqm5es1N2bVmu5HKJnyhiXrO3ctr4sq87v9uFDjfns7S1c19P3lWe/d5cGz1fbu0s4TeMlV88zcTue/0N+q/p6LlXGYcDpbYpThNfmTT/AG0/7dxJ4vMe0tmKbtFyP5RMeX/bgkeaABQA0d++mK/h08zmdhhWm7heRcHB8QJs9pOsU643J8qkbte8irpW85jqdnV21stzbbrnXCi38akl63ZM3qrM1XZmZzz6sR1vk1pazU0ouSVMq49XUIddti/fi/FNuaoiIjhnjv6vB9mrtr4acm23XGreLpiJdtsv3k6ambkzMznjx49rnayt7VTlsuaiqYVpgr+2pYw6TaWq1VOor6E1RTGOGccI+ry1Jfa1/wBLr3CeDh2Lv1eeyfo75l7B8mrNMVtBSzV0lxp4FmMPg2Zro1diK/5Runv+0/jk+sjsHx6DpqtZWmz9MdlJ7/qq+XoHXaLXRqrt3o/DTiI7eOZ+3ZBrf8C0+1hdqfs7vcxAfnLeaBpHxLOE96VeeD70xD9M0Wo/qNPRd6439/P1fJpegbekWVrS6Ke1zjfDvl3EmN74tVoPe661exuiJz4fD6z6PvtrRQi5PCKbfJKpXZ3btNqiq5VwiJnyeGq9K+LZRnm7nzVz9eskTufLs7Vf1OmpuTx598f7l8+l6v29IsrWl0U9rnH6O99xJje+bU6D3mutX8boic+Hw+s+joykkqvBXvkjTtaqopiZnhDO9HLb4lva2jxkm1wTkrvAxTxeV2He9/rLt2eMx6TMfhonwNvVznG5+dNnFD8qmcgAABpeiGFpzh4SN0vW+zHw3e+n/J1NdfgWn2+aLVwdxtb9lc7vrDM9HtMVla/M6RktlvJZp+95iN0vI7F1lOm1P65xTVGJ7OqWzaOR76YiYcmXR3R3La+ZL9Kl8vhXvM9GHST7P6Sa+lvx1Z3fLPq6sIqKSSolcksksjTuqKaaaYppjERucHpc/ls+cvBfwZl5n2mmOhajtn6MyHkQIACjSU3LNqr44cKnK7PCrfHL2mQJLqxxx5P+gYfbqf639vmjMu72DE+/q/4/WHWI9SkG9AHz6w/Cn9rK+LaX7S53ORqRf5f2vxRZec2J+68J+jvmXr5ZLVmluxmpZNUkuHqjcw/P9m6ydJdivlO6Y7PvHGPLm62vdP2YbEHfNVqsofzh2mYeh21tGKLUWrU7644x/b+eXZnseXRbC05x8JElwezXw3e+n6uhrf8ABtPtYdvtX9nd7mJD85aToppFYys3+V7S5PHvXeR6/wBm9Rm3XZnlOY7p4+vzd4r07j9KNJ2bLYWM3T9qvffTtJLoPaHU+700W441T6Rvn6Pj6JaTfOyf3rwl5dhIfD7NajE12J/5R8p+nk0hp61zOkWkbFhLfP5F149yfaSrg6fbmo9zpKojjV+n7+nzZ3UGlKytk3cpfK3urh3pGI4vK7G1UafVUzVwndPj+cNqcj9CZfW+op7bnYrai79lYxbx5oxNLx209h3YuzcsRmmd+OcfeHyaLqK3m6OOws3LLqxZMS+HT7E1d2rFVPRjrn7cZdHWHRxUrYt1SvjJ/VxTyfAs09TtNb7OxFEVaad8cYnn2xPX2cGdnBxbUk01imqNdRHlaqaqJmmqMTHKWj6IYWvOHhI1S9Z7MfDd76f8nU11+Bafb5os8HcbW/ZXO76ww5l+dO/Zw03R4RcfmjSuzTa2eFMV1XDfD0tFG1dFapmn9VOOHxY7McY8NyFrDTbZ7EY7Nbm1FqnOTwLmUjX7U1U+7ojo55xGPOZzho9HstiMY1rRJV30xfWah62xa91bpoznEYz19vizPSrSFK0jBfkV/OV/gkTm8f7R6iK79NuP4x6z+MOIHnQAAA0jxvvw/leRyu17ylOGK43X0YMYRTyvfEiovyrh2X+AMzyaGCSSW6i7DD3lvo0URTnhER5ODBuU0m380vFmni7dU3r8Zn4qvnLuW9psxlLcm+xGXsdReii1XXnhEz6My28Kvv7DeHg8zjGX16k/E/a/Ikuz2LMRqt/VP0d6qMvXTXT1sVkjcvzamP0wrMjM73c6MtUtOcfCRmXp/ZyYim5nrj6vv1vJfBtL19LDttqVU/0d3fyYph+dvu1HpHw7aLyl8r/dh30I7LZGo9xq6JnhO6fH84bQr9DY/pJpO3bOKwgtnrxl3unUZl4Lb2p97q5pjhTu8efru8Hx6t0j4VrCeSd/J3PubI+HQaj+n1FF3qnf3Tun0bw2/S2V6V6TtWkbNYQVX90r/CnaYni8V7R6jp36bUcKY9Z/GHDI880ep9fJJWds8LlPG7dL1NROHqtl7dpppi1qZ4cKvv8Afz62hs5qSrFprenVdxp6m3couR0qJiY7N6zuvYamcRmXH1pr2FmnGzanPer4x5vPkjMz1Oh2hty1ZiabM9Kr0j790eLJ2k3JuUnVu9t5sjxVddVdU1VTmZaPoi1S05w8JFpeq9maoim7mf7fq6eupL4FpesPNFng7fatVM6O5v5fWGT1VbWcLWMrVNxV92TybWaRHidnXrNrUU13omYj58p8P96m10fSIWirCSkuD8VkafodjUWr9PStVRPd/uYewczl6z1zZ2Sai1KeSV6XGT8hl020Ns2dNTNNExVX1co7/tx7uLH2k3JuUnVt1b3tkw8JcrquVTXVOZnfKpWAAAA0r3N0upRcHg/eRyO2KdXF33NbvOgEcccMcsuzAgh9tK4ZX+GIFXFbt9y9d3oE6MIa994FKBMQrJAl5yDMw85RQY6MdSrCSo0GJhRojjmIl5tEYxCrQSYUIygiAVBAIgFAAExk1em1ydAtNVVM5pnCZ2kpfU2+bbGFquV1/FMz3qhkKAwgXAFEp0vQwsTMTmF52smqOTa4tsYbqu3KoxVVM+KgcYAAgAAA01P2rje6SXeqblmcjuMIW+m538H3rAJhDWWOPLfd3kXA+3F0WGGPvcEwq93cuWIMKv2lyBhHui5BFGEUYSVGsgxMPNhlVhmYebRHHMKNEZmFWGJebIyhkRAEEAAQABQAAAgUAJKAAoEAAAAgAAA0yWaXW96dbuql15yO5wPPPHgqb0u0CJduOGGGPtZARLdzuWGGPvcRJQ/aXLECr9LlyAq/S5Z+/MCr9MAzhRoIpJBmXmwxKrCKMOOYUkiMTCjRGZUaDEqkwygggAQQAAAAgAKAEooAAAAAAAgAAAAaeV9fzO+ryV6+b+95yO7neib3uuNywTuvWVOXASST473csnd3ehJJ7VZcbsbs1dxyEkofZ43rHl6hFe7DnzQTCO7zvy95BFX74kRR+pUlSQZlRoMqNBmVGRiVGGJVaDEqMjMqNBhUiIIAAggAECgAAFEgAAAAAAAQAAAANPPjxpFZPavXjvOSXez2ol2Y3Z44PPt3BJQ+Fy+bm8LnQCOVyvvfLD3vCIXDhe8n7r2EFVw513X/ANBFX24/2gmEPt4hFX6BFGGZUaDMqNEZlRhiVWgxMKMMSoyMyq0GJUDKGQQRAKggkCGVAAAKAEgAAACAAAAAAEGopdcqKmLxa2sVXPluOV33JG+l+NW91cUsmDuQ72/zP5qu++7Hfvd4T1RSr/U7t993bUJzUeVb8KejIiJceKpuv/sEolx7L81x6gkqv0u35BJVfv8AkIh+1zDMqMMvOSIzKjDCrQZmFGHHMKMjKrDKjQYVZEQAIgFAICAAAUAAAAAAAAAAAQCDUSpm6u+5YJ171jhvOaXfzBaL9V31Uivyvk8F6Ce0ntVlxuVXdmnTc76YBJR3K6u/mq37yIrlduv43/1gBFN3G93Y+ARTlwddwZRTJX4+0BVvt3/2ElUMqv37YZlVojMvNoMSqwyowxKjQYlRkYlWQYlVhEEEBAgAQAAACgAAAAAAAAAEAgBWprjsqio73c5Kqed1cMDm7nf9yKZRvxv3qm54Zjsg7kLG75ndxTuwpi3gRFHxdbruF+D95hCXHj8uFHyeCr4Ce1JVfG7B0wrxQFWuy/18yMyq+7qr/JUV9530v9CIr4d4ZQ/fEJKjDKjQYlVhlRhiVGRxyowzKrDEqBlBBAQAEVAQAAABQAAAAAZAgEAKAANXafRDnP8A4nPV8MeL0E/DHirL8Nff/wAUT+Pin8fF5xwfUSOCKEZHiCVCIm2xfNlnilRbfl+1eLLJVyeRGS0y5ebCSowzJPBcn4sso8mRhWQYlWfvsDEvORGJVYYlRhiVAyhkRAAgAQAAEAAUAAAAAAEAKAAAH//Z'),
('nokia-lumia',	'Nokia Lumia Department',	2500000.0, 'https://upload.wikimedia.org/wikipedia/commons/thumb/f/f1/Nokia_Lumia_logo.svg/1280px-Nokia_Lumia_logo.svg.png');

INSERT INTO user_model_accounts (user_model_email, accounts_code) VALUES
('tommy.johnson@gmail.com', 'pharma-group'),
('tommy.johnson@gmail.com', 'samsung-electronics'),
('tommy.johnson@gmail.com', 'nokia-lumia'),
('vova_femiak@gmail.com', 'netflix'),
('vova_femiak@gmail.com', 'mwc-2019');


INSERT INTO transaction_model (id, app_transaction_status, committed, created, from_current_balance, from_target_balance, to_current_balance, to_target_balance, transaction_code, transaction_value, from_account_code, to_account_code) VALUES
(100541, 'COMPLETED', '2018-12-16 13:17:17', '2018-12-16 10:46:23', 20000.00, 18000.00, 50000.00, 52000.00, 'TX-100541', 2000.00, 'pharma-group', 'nokia-lumia'),
(100542, 'COMPLETED', '2018-12-17 13:17:17', '2018-12-17 10:46:23', 20000.00, 18000.00, 50000.00, 52000.00, 'TX-100541', 2000.00, 'nokia-lumia', 'pharma-group'),
(100543, 'REJECTED', '2018-12-18 18:17:17', '2018-12-17 18:20:23', 18000.00, 15000.00, 52000.00, 55000.00, 'TX-100542', 3000.00, 'pharma-group', 'nokia-lumia');